building,room,address_id
Dana,1539,1
Dana,15th Floor,1
Dana,7th Floor,1
7CC,4th Floor,2
Dana,820,1
Dana,D3-JFC,1
Smith,970,1
Mayer,630,1
Mayer,530,1
Dana,1220,1
Mayer,513,1
Dana,1230,1
Dana,730,1
Dana,1B30,1
Mayer,430,1
Smith,1070,1
BWH,,3
21-27 Burlington Ave.,464,4
MGH,,5
Ophthalmology, Retina Service,,6
Mayer,448,1
MGH,Yawkey 3700,5
Thorn ,528,8
N-Of-One,,9
BWH,BLI-449A,10
Factor,,11
Neurology,,12
21-27 Burlington Ave.,B452A,4
Jimmy Fund,JF215,1
NIBR,,13
50 Blossom Street,GRJ 825,17
WRB,2-143,18
Infinity Pharmaceuticals,,19
375 Longwood,226,20
Peter Mac Research,3539,21
CLS,428,74
Smith,1054,1
Main building,4175-B,2
7CC,4175-X,2
Smith,742,1
Karp,08211,7
65 Landsdowne,435,34
Dana,D1541,1
Karp,6-216,7
Thier,6 floor,5
WANG,460,26
Thorn,932,3
Karp,RB06005A,7
Dana,1526,1
Dana,802,1
Karp,Rm 08006A,7
Samsung Cancer Center,11th floor,29
Thier,603,5
7CC,4034,2
LSRC,232,31
Dana,Lab,1
Karp,RB-07005A,7
149,7330,33
Mayer,415,1
Mayer,440,1
Partners Research bldg,441,34
Karp,5.210,7
Smilow,305,36
Factor,14-635,42
Enders,1174,38
WRN,3-324,5
Dana,640A,1
Richardson Laboratory,401,39
Samsung Cancer Center,188 B4,41
Factor,14-638,42
JF,208,1
Dana,1516,1
780 Memorial Drive,780 Memorial Drive,44
Mayer,1B29,1
Dana,1210,1
Dana,740,1
B301,5019,46
Smith,824,1
BIDMC Dana,536,74
Dana,15th floor,1
270 Albany,G310J,49
Peter Bent Brigham,CA 355,3
270 Albany,G310I,49
Mayer,413,50
Dana,630F,50
Smith,708,50
Smith,1022C,50
Mayer,654,50
CLS ,417,12
Jimmy Fund,614,50
Dana,1526,1
Mayer,457,50
Yawkey,1257,50
Mayer,563,1
Amory,360U,3
Dana,D512,1
CIEMAS,2323,57
CIEMAS,2323,57
Smith,1052,50
BLI,449B,10
Dana,1230,1
Joslin,630,68
Harvard Institutes of Medicine Building (4 Blackfan Circle),HIM346,50
27 Drydock,DD466S,70
Dana,510B,50
7CC,4027,2
HIM,309,74
Center for Life Sciences,CLS441,75
Research North,2 floor,76
Warren,WRN-4-408C,5
BIDMC Pathology,,76
CWN-L2,Brachy,3
Dana,1230,50
Jimmy Fund,521,77
HIM ,344,78
Dana,15,79
mayer,515,77
Jimmy Fund,208B,80
HIM,240,81
Jimmy Fund,208B,77
Boston Lying-In,429A,82
Dana,819,77
bldg,rm,83
Smith,1234,84
Dana,1524,85
HSC,5445,86
Dana,8th Floor,1
Dana,510,1
Smith,1010,87
Dana,1234,85
Yawkey,1425,50
7CC,4175-J,2
DA,8,88
Mayer,620,89
020,0G4,90
Dana,D644,50
7CC,4th floor,50
Karp,08-212,91
Dana,757,50
WAB,444,92
Jimmy Fund,208C,1
Mayer,457,77
Banting Building,E110,93
Dana,1514,94
Dana,D628,95
Dana Building,1230,77
Smith,822C,77
Dana,D740B,50
Dana,D614,96
Dana,728,96
Dana,1514,97
HIM,237,98
Dana,640A,99
Mayer ,534,100
Dana ,1230,77
Broad,5064D,101
ND3,136,102
Karp,7004,103
Haematologicum,007,104
Dana,1514,77
Karp,5th floor,50
Hess,5-108,105
Dana,524,96
Dana,1240F,77
CLS,628C,75
Haupthaus,E.408,106
Smith,1022,107
Smith,1010,108
Dana Building,630D,1
Mayer,640,85
C,1.1,109
Karp,08006C,7
HIM,343,110
tbd,tbd,111
Dana,512,1
Pavillon F,623,112
Dana,512,77
Medical Research Building,7th floor,113
Karp,520,114
Jimmy Fund,208,77
Dana,628,77
Dana,730B,77
